unknown,other,0,1,2,3,4,5,6,7,8,9
0.017738765,0.015054694,0.047194056,0.21779731,0.060657576,0.03569359,0.06203542,0.16895942,0.07501191,0.1862919,0.03844351,0.07512187
0.018694175,0.015989974,0.09737822,0.101653636,0.070654504,0.1381323,0.047830574,0.12875347,0.08049322,0.17736539,0.09699857,0.026055872
0.018256104,0.011072886,0.11009839,0.34446743,0.043453306,0.032165863,0.09678269,0.07464194,0.06141565,0.046618592,0.13917743,0.021849694
