unknown,other,0,1,2,3,4,5,6,7,8,9
0.041123778,0.026139863,0.06394304,0.21379639,0.13536744,0.03356425,0.040486213,0.11091609,0.14466187,0.0736654,0.046056446,0.07027915
0.01653415,0.012383506,0.16248475,0.13789903,0.0746821,0.059309628,0.0654098,0.2127495,0.053634137,0.080357276,0.08315134,0.041404795
0.01752957,0.01699024,0.10907262,0.4084324,0.07438106,0.04325917,0.043940403,0.080897726,0.055194404,0.100482404,0.028342364,0.021477671
