sequenceId,itemPosition,itemValue
0,8,-0.27393398
0,9,-0.21977666
0,10,-0.12155919
0,11,-0.19682866
0,12,-0.17204481
1,8,-0.10205338
1,9,-0.06378758
1,10,-0.19499281
2,8,-0.20141825
2,9,-0.09631638
3,8,-0.122477114
3,9,0.32179636
4,8,0.2024667
5,8,-0.25741142
6,8,0.16574988
6,9,0.11893595
6,10,0.30894545
7,8,0.18594414
8,8,-0.08392446
8,9,0.019800544
8,10,-0.11742855
8,11,-0.13395111
9,8,0.017046787
9,9,0.0064907
