sequenceId,itemPosition,itemValue
0,8,-0.012556147
0,9,-0.3280913
0,10,-0.055927884
0,11,-0.24915013
0,12,-0.21885875
1,8,-0.25649348
1,9,-0.06384495
1,10,0.0023600608
2,8,-0.19040322
2,9,-0.2436426
3,8,-0.084153935
3,9,0.13821226
4,8,0.21531758
5,8,-0.1940749
6,8,0.0941521
6,9,-0.07749902
6,10,0.2208251
7,8,0.31261715
8,8,-0.11467479
8,9,-0.12523088
8,10,-0.15644017
8,11,-0.20600787
9,8,-0.05653027
9,9,0.12719724
