unknown,other,0,1,2,3,4,5,6,7,8,9
0.01568344,0.017224891,0.15232906,0.05300461,0.030408276,0.03281503,0.042012073,0.05160009,0.5193643,0.039045,0.021353148,0.025160158
0.016713375,0.012814589,0.14269944,0.10358868,0.04578799,0.13510512,0.1755233,0.09340197,0.10919797,0.08529298,0.039781295,0.040093303
0.025067348,0.021609405,0.13926935,0.08211244,0.038673703,0.07078535,0.23051503,0.061981723,0.16092543,0.036902703,0.06546575,0.06669178
