unknown,other,0,1,2,3,4,5,6,7,8,9
0.014338579,0.011079995,0.14941147,0.054965407,0.048839524,0.1328893,0.26635474,0.10803824,0.081392415,0.06343492,0.03320823,0.036047194
0.015609737,0.011243272,0.059474126,0.043522824,0.030088555,0.11399745,0.3209651,0.122780085,0.09195804,0.08621802,0.030324543,0.07381824
0.033269946,0.028568668,0.100889854,0.07600706,0.03829347,0.07175153,0.16376038,0.13365735,0.1514536,0.081623346,0.08059366,0.04013121
0.012595974,0.015075406,0.050110813,0.031666283,0.07377025,0.24330479,0.30756608,0.0994628,0.037166532,0.047629654,0.026561724,0.055089734
0.0146179255,0.01682513,0.08511192,0.028957872,0.07334867,0.16278082,0.30530488,0.058725458,0.059417695,0.056036223,0.034388326,0.10448518
0.017101636,0.012708858,0.118246086,0.1680616,0.027328338,0.06368783,0.17681637,0.12057828,0.18100946,0.044185333,0.04118526,0.029090865
