unknown,other,0,1,2,3,4,5,6,7,8,9
0.024676295,0.022468023,0.109516755,0.0821445,0.0798118,0.12482801,0.16344365,0.0876561,0.12241362,0.09367464,0.044857886,0.044508796
0.015025842,0.021356022,0.06616775,0.05140584,0.04140672,0.11233551,0.422297,0.088518254,0.05546774,0.02720828,0.03205919,0.06675187
0.015895067,0.012092329,0.060457826,0.08393738,0.047084603,0.069201104,0.22114554,0.066432364,0.15804559,0.065883204,0.01577137,0.18405364
