unknown,other,0,1,2,3,4,5,6,7,8,9
0.07335783,0.08558865,0.07592961,0.08963656,0.08251243,0.08171234,0.08202347,0.08132139,0.085338086,0.090524636,0.090742365,0.081312604
