unknown,other,0,1,2,3,4,5,6,7,8,9
0.076208465,0.07872827,0.086480096,0.086564384,0.07973009,0.07571824,0.09218214,0.08567351,0.08521788,0.08337742,0.09074807,0.079371445
