unknown,other,0,1,2,3,4,5,6,7,8,9
0.09048122,0.075348295,0.09501619,0.076118425,0.079652905,0.085662246,0.08879179,0.0891109,0.079493694,0.075707845,0.079565234,0.0850513
0.0897405,0.07379327,0.093709774,0.07359206,0.078005545,0.09275565,0.08686121,0.08595679,0.07719196,0.07835216,0.078137964,0.09190311
